AAAAA, 1
AAAAB, 2
AAAAC, 3
AAAAD, 4
AAAAE, 5
AAAAF, 6
AAAAG, 7
AAAAH, 8
AAAAI, 9
AAAAJ, 10
AAAAK, 11
AAAAL, 12
AAAAM, 13
AAAAN, 14
AAAAO, 15
AAAAP, 16
AAAAQ, 17
AAAAR, 18
AAAAS, 19
AAAAT, 20
AAAAU, 21
AAAAV, 22
AAAAW, 23
AAAAX, 24
AAAAY, 25
AAAAZ, 26
AAABA, 27
AAABB, 28
AAABC, 29
AAABD, 30
AAABE, 31
AAABF, 32
AAABG, 33
AAABH, 34
AAABI, 35
AAABJ, 36
AAABK, 37
AAABL, 38
AAABM, 39
AAABN, 40
AAABO, 41
AAABP, 42
AAABQ, 43
AAABR, 44
AAABS, 45
AAABT, 46
AAABU, 47
AAABV, 48
AAABW, 49
AAABX, 50
AAABY, 51
AAABZ, 52
AAACA, 53
AAACB, 54
AAACC, 55
AAACD, 56
AAACE, 57
AAACF, 58
AAACG, 59
AAACH, 60
AAACI, 61
AAACJ, 62
AAACK, 63
AAACL, 64
AAACM, 65
AAACN, 66
AAACO, 67
AAACP, 68
AAACQ, 69
AAACR, 70
AAACS, 71
AAACT, 72
AAACU, 73
AAACV, 74
AAACW, 75
AAACX, 76
AAACY, 77
AAACZ, 78
AAADA, 79
AAADB, 80
AAADC, 81
AAADD, 82
AAADE, 83
AAADF, 84
AAADG, 85
AAADH, 86
AAADI, 87
AAADJ, 88
AAADK, 89
AAADL, 90
AAADM, 91
AAADN, 92
AAADO, 93
AAADP, 94
AAADQ, 95
AAADR, 96
AAADS, 97
AAADT, 98
AAADU, 99
AAADV, 100
AAADW, 101
AAADX, 102
AAADY, 103
AAADZ, 104
AAAEA, 105
AAAEB, 106
AAAEC, 107
AAAED, 108
AAAEE, 109
AAAEF, 110
AAAEG, 111
AAAEH, 112
AAAEI, 113
AAAEJ, 114
AAAEK, 115
AAAEL, 116
AAAEM, 117
AAAEN, 118
AAAEO, 119
AAAEP, 120
AAAEQ, 121
AAAER, 122
AAAES, 123
AAAET, 124
AAAEU, 125
AAAEV, 126
AAAEW, 127
AAAEX, 128
AAAEY, 129
AAAEZ, 130
AAAFA, 131
AAAFB, 132
AAAFC, 133
AAAFD, 134
AAAFE, 135
AAAFF, 136
AAAFG, 137
AAAFH, 138
AAAFI, 139
AAAFJ, 140
AAAFK, 141
AAAFL, 142
AAAFM, 143
AAAFN, 144
AAAFO, 145
AAAFP, 146
AAAFQ, 147
AAAFR, 148
AAAFS, 149
AAAFT, 150
AAAFU, 151
AAAFV, 152
AAAFW, 153
AAAFX, 154
AAAFY, 155
AAAFZ, 156
AAAGA, 157
AAAGB, 158
AAAGC, 159
AAAGD, 160
AAAGE, 161
AAAGF, 162
AAAGG, 163
AAAGH, 164
AAAGI, 165
AAAGJ, 166
AAAGK, 167
AAAGL, 168
AAAGM, 169
AAAGN, 170
AAAGO, 171
AAAGP, 172
AAAGQ, 173
AAAGR, 174
AAAGS, 175
AAAGT, 176
AAAGU, 177
AAAGV, 178
AAAGW, 179
AAAGX, 180
AAAGY, 181
AAAGZ, 182
AAAHA, 183
AAAHB, 184
AAAHC, 185
AAAHD, 186
AAAHE, 187
AAAHF, 188
AAAHG, 189
AAAHH, 190
AAAHI, 191
AAAHJ, 192
AAAHK, 193
AAAHL, 194
AAAHM, 195
AAAHN, 196
AAAHO, 197
AAAHP, 198
AAAHQ, 199
AAAHR, 200
AAAHS, 201
AAAHT, 202
AAAHU, 203
AAAHV, 204
AAAHW, 205
AAAHX, 206
AAAHY, 207
AAAHZ, 208
AAAIA, 209
AAAIB, 210
AAAIC, 211
AAAID, 212
AAAIE, 213
AAAIF, 214
AAAIG, 215
AAAIH, 216
AAAII, 217
AAAIJ, 218
AAAIK, 219
AAAIL, 220
AAAIM, 221
AAAIN, 222
AAAIO, 223
AAAIP, 224
AAAIQ, 225
AAAIR, 226
AAAIS, 227
AAAIT, 228
AAAIU, 229
AAAIV, 230
AAAIW, 231
AAAIX, 232
AAAIY, 233
AAAIZ, 234
AAAJA, 235
AAAJB, 236
AAAJC, 237
AAAJD, 238
AAAJE, 239
AAAJF, 240
AAAJG, 241
AAAJH, 242
AAAJI, 243
AAAJJ, 244
AAAJK, 245
AAAJL, 246
AAAJM, 247
AAAJN, 248
AAAJO, 249
AAAJP, 250
AAAJQ, 251
AAAJR, 252
AAAJS, 253
AAAJT, 254
AAAJU, 255
AAAJV, 256
AAAJW, 257
AAAJX, 258
AAAJY, 259
AAAJZ, 260
AAAKA, 261
AAAKB, 262
AAAKC, 263
AAAKD, 264
AAAKE, 265
AAAKF, 266
AAAKG, 267
AAAKH, 268
AAAKI, 269
AAAKJ, 270
AAAKK, 271
AAAKL, 272
AAAKM, 273
AAAKN, 274
AAAKO, 275
AAAKP, 276
AAAKQ, 277
AAAKR, 278
AAAKS, 279
AAAKT, 280
AAAKU, 281
AAAKV, 282
AAAKW, 283
AAAKX, 284
AAAKY, 285
AAAKZ, 286
AAALA, 287
AAALB, 288
AAALC, 289
AAALD, 290
AAALE, 291
AAALF, 292
AAALG, 293
AAALH, 294
AAALI, 295
AAALJ, 296
AAALK, 297
AAALL, 298
AAALM, 299
AAALN, 300
AAALO, 301
AAALP, 302
AAALQ, 303
AAALR, 304
AAALS, 305
AAALT, 306
AAALU, 307
AAALV, 308
AAALW, 309
AAALX, 310
AAALY, 311
AAALZ, 312
AAAMA, 313
AAAMB, 314
AAAMC, 315
AAAMD, 316
AAAME, 317
AAAMF, 318
AAAMG, 319
AAAMH, 320
AAAMI, 321
AAAMJ, 322
AAAMK, 323
AAAML, 324
AAAMM, 325
AAAMN, 326
AAAMO, 327
AAAMP, 328
AAAMQ, 329
AAAMR, 330
AAAMS, 331
AAAMT, 332
AAAMU, 333
AAAMV, 334
AAAMW, 335
AAAMX, 336
AAAMY, 337
AAAMZ, 338
AAANA, 339
AAANB, 340
AAANC, 341
AAAND, 342
AAANE, 343
AAANF, 344
AAANG, 345
AAANH, 346
AAANI, 347
AAANJ, 348
AAANK, 349
AAANL, 350
AAANM, 351
AAANN, 352
AAANO, 353
AAANP, 354
AAANQ, 355
AAANR, 356
AAANS, 357
AAANT, 358
AAANU, 359
AAANV, 360
AAANW, 361
AAANX, 362
AAANY, 363
AAANZ, 364
AAAOA, 365
AAAOB, 366
AAAOC, 367
AAAOD, 368
AAAOE, 369
AAAOF, 370
AAAOG, 371
AAAOH, 372
AAAOI, 373
AAAOJ, 374
AAAOK, 375
AAAOL, 376
AAAOM, 377
AAAON, 378
AAAOO, 379
AAAOP, 380
AAAOQ, 381
AAAOR, 382
AAAOS, 383
AAAOT, 384
AAAOU, 385
AAAOV, 386
AAAOW, 387
AAAOX, 388
AAAOY, 389
AAAOZ, 390
AAAPA, 391
AAAPB, 392
AAAPC, 393
AAAPD, 394
AAAPE, 395
AAAPF, 396
AAAPG, 397
AAAPH, 398
AAAPI, 399
AAAPJ, 400
AAAPK, 401
AAAPL, 402
AAAPM, 403
AAAPN, 404
AAAPO, 405
AAAPP, 406
AAAPQ, 407
AAAPR, 408
AAAPS, 409
AAAPT, 410
AAAPU, 411
AAAPV, 412
AAAPW, 413
AAAPX, 414
AAAPY, 415
AAAPZ, 416
AAAQA, 417
AAAQB, 418
AAAQC, 419
AAAQD, 420
AAAQE, 421
AAAQF, 422
AAAQG, 423
AAAQH, 424
AAAQI, 425
AAAQJ, 426
AAAQK, 427
AAAQL, 428
AAAQM, 429
AAAQN, 430
AAAQO, 431
AAAQP, 432
AAAQQ, 433
AAAQR, 434
AAAQS, 435
AAAQT, 436
AAAQU, 437
AAAQV, 438
AAAQW, 439
AAAQX, 440
AAAQY, 441
AAAQZ, 442
AAARA, 443
AAARB, 444
AAARC, 445
AAARD, 446
AAARE, 447
AAARF, 448
AAARG, 449
AAARH, 450
AAARI, 451
AAARJ, 452
AAARK, 453
AAARL, 454
AAARM, 455
AAARN, 456
AAARO, 457
AAARP, 458
AAARQ, 459
AAARR, 460
AAARS, 461
AAART, 462
AAARU, 463
AAARV, 464
AAARW, 465
AAARX, 466
AAARY, 467
AAARZ, 468
AAASA, 469
AAASB, 470
AAASC, 471
AAASD, 472
AAASE, 473
AAASF, 474
AAASG, 475
AAASH, 476
AAASI, 477
AAASJ, 478
AAASK, 479
AAASL, 480
AAASM, 481
AAASN, 482
AAASO, 483
AAASP, 484
AAASQ, 485
AAASR, 486
AAASS, 487
AAAST, 488
AAASU, 489
AAASV, 490
AAASW, 491
AAASX, 492
AAASY, 493
AAASZ, 494
AAATA, 495
AAATB, 496
AAATC, 497
AAATD, 498
AAATE, 499
AAATF, 500
